report_period_start,report_period_end,interval_start,interval_end,container_name,pod,owner_name,owner_kind,workload,workload_type,namespace,image_name,node,resource_id,cpu_request_container_avg,cpu_request_container_sum,cpu_limit_container_avg,cpu_limit_container_sum,cpu_usage_container_avg,cpu_usage_container_min,cpu_usage_container_max,cpu_usage_container_sum,cpu_throttle_container_avg,cpu_throttle_container_max,cpu_throttle_container_sum,memory_request_container_avg,memory_request_container_sum,memory_limit_container_avg,memory_limit_container_sum,memory_usage_container_avg,memory_usage_container_min,memory_usage_container_max,memory_usage_container_sum,memory_rss_usage_container_avg,memory_rss_usage_container_min,memory_rss_usage_container_max,memory_rss_usage_container_sum
2023-02-01 00:00:00 +0000 UTC,2023-03-01 00:00:00 +0000 UTC,2023-06-02 00:00:01 +0000 UTC,2023-06-02 00:15:00 +0000 UTC,Yuptoo-service,Yuptoo-app-standalone-1,Yuptoo-app,ReplicaSet,<none>,deployment,Yuptoo-prod,quay.io/cloudservices/yuptoo,ip-10-0-176-227.us-east-2.compute.internal,i-0dfbb3fa4d0e8fc94,1,1,1,1,0.047932,0.031571,0.064131,0.047932,0,0,0,1073741824,1073741824,1073741824,1073741824,513587266.064516,510009344,513900544,513587266.064516,493311537.548387,493293568,493371392,493311537.548387
2023-02-01 00:00:00 +0000 UTC,2023-03-01 00:00:00 +0000 UTC,2023-06-02 00:15:01 +0000 UTC,2023-06-02 00:30:00 +0000 UTC,Yuptoo-service,Yuptoo-app-standalone-1,Yuptoo-app,ReplicaSet,<none>,deployment,Yuptoo-prod,quay.io/cloudservices/yuptoo,ip-10-0-176-227.us-east-2.compute.internal,i-0dfbb3fa4d0e8fc94,1,1,1,1,0.047932,0.031571,0.064131,0.047932,0,0,0,1073741824,1073741824,1073741824,1073741824,513587266.064516,510009344,513900544,513587266.064516,493311537.548387,493293568,493371392,493311537.548387
2023-02-01 00:00:00 +0000 UTC,2023-03-01 00:00:00 +0000 UTC,2023-06-02 00:30:01 +0000 UTC,2023-06-02 00:45:00 +0000 UTC,Yuptoo-service,Yuptoo-app-standalone-1,Yuptoo-app,ReplicaSet,<none>,deployment,Yuptoo-prod,quay.io/cloudservices/yuptoo,ip-10-0-176-227.us-east-2.compute.internal,i-0dfbb3fa4d0e8fc94,1,1,1,1,0.047932,0.031571,0.064131,0.047932,0,0,0,1073741824,1073741824,1073741824,1073741824,513587266.064516,510009344,513900544,513587266.064516,493311537.548387,493293568,493371392,493311537.548387
2023-02-01 00:00:00 +0000 UTC,2023-03-01 00:00:00 +0000 UTC,2023-06-02 00:45:01 +0000 UTC,2023-06-02 01:00:00 +0000 UTC,Yuptoo-service,Yuptoo-app-standalone-1,Yuptoo-app,ReplicaSet,<none>,deployment,Yuptoo-prod,quay.io/cloudservices/yuptoo,ip-10-0-176-227.us-east-2.compute.internal,i-0dfbb3fa4d0e8fc94,1,1,1,1,0.047932,0.031571,0.064131,0.047932,0,0,0,1073741824,1073741824,1073741824,1073741824,513587266.064516,510009344,513900544,513587266.064516,493311537.548387,493293568,493371392,493311537.548387
2023-02-01 00:00:00 +0000 UTC,2023-03-01 00:00:00 +0000 UTC,2023-06-02 01:00:01 +0000 UTC,2023-06-02 01:15:00 +0000 UTC,Yuptoo-service,Yuptoo-app-standalone-1,Yuptoo-app,ReplicaSet,<none>,deployment,Yuptoo-prod,quay.io/cloudservices/yuptoo,ip-10-0-176-227.us-east-2.compute.internal,i-0dfbb3fa4d0e8fc94,1,1,1,1,0.047932,0.031571,0.064131,0.047932,0,0,0,1073741824,1073741824,1073741824,1073741824,513587266.064516,510009344,513900544,513587266.064516,493311537.548387,493293568,493371392,493311537.548387
2023-02-01 00:00:00 +0000 UTC,2023-03-01 00:00:00 +0000 UTC,2023-06-02 01:15:01 +0000 UTC,2023-06-02 01:30:00 +0000 UTC,Yuptoo-service,Yuptoo-app-standalone-1,Yuptoo-app,ReplicaSet,<none>,deployment,Yuptoo-prod,quay.io/cloudservices/yuptoo,ip-10-0-176-227.us-east-2.compute.internal,i-0dfbb3fa4d0e8fc94,1,1,1,1,0.047932,0.031571,0.064131,0.047932,0,0,0,1073741824,1073741824,1073741824,1073741824,513587266.064516,510009344,513900544,513587266.064516,493311537.548387,493293568,493371392,493311537.548387
2023-02-01 00:00:00 +0000 UTC,2023-03-01 00:00:00 +0000 UTC,2023-06-02 01:30:01 +0000 UTC,2023-06-02 01:45:00 +0000 UTC,Yuptoo-service,Yuptoo-app-standalone-1,Yuptoo-app,ReplicaSet,<none>,deployment,Yuptoo-prod,quay.io/cloudservices/yuptoo,ip-10-0-176-227.us-east-2.compute.internal,i-0dfbb3fa4d0e8fc94,1,1,1,1,0.047932,0.031571,0.064131,0.047932,0,0,0,1073741824,1073741824,1073741824,1073741824,513587266.064516,510009344,513900544,513587266.064516,493311537.548387,493293568,493371392,493311537.548387
2023-02-01 00:00:00 +0000 UTC,2023-03-01 00:00:00 +0000 UTC,2023-06-02 01:45:01 +0000 UTC,2023-06-02 02:00:00 +0000 UTC,Yuptoo-service,Yuptoo-app-standalone-1,Yuptoo-app,ReplicaSet,<none>,deployment,Yuptoo-prod,quay.io/cloudservices/yuptoo,ip-10-0-176-227.us-east-2.compute.internal,i-0dfbb3fa4d0e8fc94,1,1,1,1,0.047932,0.031571,0.064131,0.047932,0,0,0,1073741824,1073741824,1073741824,1073741824,513587266.064516,510009344,513900544,513587266.064516,493311537.548387,493293568,493371392,493311537.548387
2023-02-01 00:00:00 +0000 UTC,2023-03-01 00:00:00 +0000 UTC,2023-06-02 02:00:01 +0000 UTC,2023-06-02 02:15:00 +0000 UTC,Yuptoo-service,Yuptoo-app-standalone-1,Yuptoo-app,ReplicaSet,<none>,deployment,Yuptoo-prod,quay.io/cloudservices/yuptoo,ip-10-0-176-227.us-east-2.compute.internal,i-0dfbb3fa4d0e8fc94,1,1,1,1,0.047932,0.031571,0.064131,0.047932,0,0,0,1073741824,1073741824,1073741824,1073741824,513587266.064516,510009344,513900544,513587266.064516,493311537.548387,493293568,493371392,493311537.548387
2023-02-01 00:00:00 +0000 UTC,2023-03-01 00:00:00 +0000 UTC,2023-06-02 02:15:01 +0000 UTC,2023-06-02 02:30:00 +0000 UTC,Yuptoo-service,Yuptoo-app-standalone-1,Yuptoo-app,ReplicaSet,<none>,deployment,Yuptoo-prod,quay.io/cloudservices/yuptoo,ip-10-0-176-227.us-east-2.compute.internal,i-0dfbb3fa4d0e8fc94,1,1,1,1,0.047932,0.031571,0.064131,0.047932,0,0,0,1073741824,1073741824,1073741824,1073741824,513587266.064516,510009344,513900544,513587266.064516,493311537.548387,493293568,493371392,493311537.548387
2023-02-01 00:00:00 +0000 UTC,2023-03-01 00:00:00 +0000 UTC,2023-06-02 02:30:01 +0000 UTC,2023-06-02 02:45:00 +0000 UTC,Yuptoo-service,Yuptoo-app-standalone-1,Yuptoo-app,ReplicaSet,<none>,deployment,Yuptoo-prod,quay.io/cloudservices/yuptoo,ip-10-0-176-227.us-east-2.compute.internal,i-0dfbb3fa4d0e8fc94,1,1,1,1,0.047932,0.031571,0.064131,0.047932,0,0,0,1073741824,1073741824,1073741824,1073741824,513587266.064516,510009344,513900544,513587266.064516,493311537.548387,493293568,493371392,493311537.548387
2023-02-01 00:00:00 +0000 UTC,2023-03-01 00:00:00 +0000 UTC,2023-06-02 02:45:01 +0000 UTC,2023-06-02 03:00:00 +0000 UTC,Yuptoo-service,Yuptoo-app-standalone-1,Yuptoo-app,ReplicaSet,<none>,deployment,Yuptoo-prod,quay.io/cloudservices/yuptoo,ip-10-0-176-227.us-east-2.compute.internal,i-0dfbb3fa4d0e8fc94,1,1,1,1,0.047932,0.031571,0.064131,0.047932,0,0,0,1073741824,1073741824,1073741824,1073741824,513587266.064516,510009344,513900544,513587266.064516,493311537.548387,493293568,493371392,493311537.548387
2023-02-01 00:00:00 +0000 UTC,2023-03-01 00:00:00 +0000 UTC,2023-06-02 03:00:01 +0000 UTC,2023-06-02 03:15:00 +0000 UTC,Yuptoo-service,Yuptoo-app-standalone-1,Yuptoo-app,ReplicaSet,<none>,deployment,Yuptoo-prod,quay.io/cloudservices/yuptoo,ip-10-0-176-227.us-east-2.compute.internal,i-0dfbb3fa4d0e8fc94,1,1,1,1,0.047932,0.031571,0.064131,0.047932,0,0,0,1073741824,1073741824,1073741824,1073741824,513587266.064516,510009344,513900544,513587266.064516,493311537.548387,493293568,493371392,493311537.548387
2023-02-01 00:00:00 +0000 UTC,2023-03-01 00:00:00 +0000 UTC,2023-06-02 03:15:01 +0000 UTC,2023-06-02 03:30:00 +0000 UTC,Yuptoo-service,Yuptoo-app-standalone-1,Yuptoo-app,ReplicaSet,<none>,deployment,Yuptoo-prod,quay.io/cloudservices/yuptoo,ip-10-0-176-227.us-east-2.compute.internal,i-0dfbb3fa4d0e8fc94,1,1,1,1,0.047932,0.031571,0.064131,0.047932,0,0,0,1073741824,1073741824,1073741824,1073741824,513587266.064516,510009344,513900544,513587266.064516,493311537.548387,493293568,493371392,493311537.548387
2023-02-01 00:00:00 +0000 UTC,2023-03-01 00:00:00 +0000 UTC,2023-06-02 03:30:01 +0000 UTC,2023-06-02 03:45:00 +0000 UTC,Yuptoo-service,Yuptoo-app-standalone-1,Yuptoo-app,ReplicaSet,<none>,deployment,Yuptoo-prod,quay.io/cloudservices/yuptoo,ip-10-0-176-227.us-east-2.compute.internal,i-0dfbb3fa4d0e8fc94,1,1,1,1,0.047932,0.031571,0.064131,0.047932,0,0,0,1073741824,1073741824,1073741824,1073741824,513587266.064516,510009344,513900544,513587266.064516,493311537.548387,493293568,493371392,493311537.548387
2023-02-01 00:00:00 +0000 UTC,2023-03-01 00:00:00 +0000 UTC,2023-06-02 03:45:01 +0000 UTC,2023-06-02 04:00:00 +0000 UTC,Yuptoo-service,Yuptoo-app-standalone-1,Yuptoo-app,ReplicaSet,<none>,deployment,Yuptoo-prod,quay.io/cloudservices/yuptoo,ip-10-0-176-227.us-east-2.compute.internal,i-0dfbb3fa4d0e8fc94,1,1,1,1,0.047932,0.031571,0.064131,0.047932,0,0,0,1073741824,1073741824,1073741824,1073741824,513587266.064516,510009344,513900544,513587266.064516,493311537.548387,493293568,493371392,493311537.548387
2023-02-01 00:00:00 +0000 UTC,2023-03-01 00:00:00 +0000 UTC,2023-06-02 04:00:01 +0000 UTC,2023-06-02 04:15:00 +0000 UTC,Yuptoo-service,Yuptoo-app-standalone-1,Yuptoo-app,ReplicaSet,<none>,deployment,Yuptoo-prod,quay.io/cloudservices/yuptoo,ip-10-0-176-227.us-east-2.compute.internal,i-0dfbb3fa4d0e8fc94,1,1,1,1,0.047932,0.031571,0.064131,0.047932,0,0,0,1073741824,1073741824,1073741824,1073741824,513587266.064516,510009344,513900544,513587266.064516,493311537.548387,493293568,493371392,493311537.548387
2023-02-01 00:00:00 +0000 UTC,2023-03-01 00:00:00 +0000 UTC,2023-06-02 04:15:01 +0000 UTC,2023-06-02 04:30:00 +0000 UTC,Yuptoo-service,Yuptoo-app-standalone-1,Yuptoo-app,ReplicaSet,<none>,deployment,Yuptoo-prod,quay.io/cloudservices/yuptoo,ip-10-0-176-227.us-east-2.compute.internal,i-0dfbb3fa4d0e8fc94,1,1,1,1,0.047932,0.031571,0.064131,0.047932,0,0,0,1073741824,1073741824,1073741824,1073741824,513587266.064516,510009344,513900544,513587266.064516,493311537.548387,493293568,493371392,493311537.548387
2023-02-01 00:00:00 +0000 UTC,2023-03-01 00:00:00 +0000 UTC,2023-06-02 04:30:01 +0000 UTC,2023-06-02 04:45:00 +0000 UTC,Yuptoo-service,Yuptoo-app-standalone-1,Yuptoo-app,ReplicaSet,<none>,deployment,Yuptoo-prod,quay.io/cloudservices/yuptoo,ip-10-0-176-227.us-east-2.compute.internal,i-0dfbb3fa4d0e8fc94,1,1,1,1,0.047932,0.031571,0.064131,0.047932,0,0,0,1073741824,1073741824,1073741824,1073741824,513587266.064516,510009344,513900544,513587266.064516,493311537.548387,493293568,493371392,493311537.548387
2023-02-01 00:00:00 +0000 UTC,2023-03-01 00:00:00 +0000 UTC,2023-06-02 04:45:01 +0000 UTC,2023-06-02 05:00:00 +0000 UTC,Yuptoo-service,Yuptoo-app-standalone-1,Yuptoo-app,ReplicaSet,<none>,deployment,Yuptoo-prod,quay.io/cloudservices/yuptoo,ip-10-0-176-227.us-east-2.compute.internal,i-0dfbb3fa4d0e8fc94,1,1,1,1,0.047932,0.031571,0.064131,0.047932,0,0,0,1073741824,1073741824,1073741824,1073741824,513587266.064516,510009344,513900544,513587266.064516,493311537.548387,493293568,493371392,493311537.548387
2023-02-01 00:00:00 +0000 UTC,2023-03-01 00:00:00 +0000 UTC,2023-06-02 05:00:01 +0000 UTC,2023-06-02 05:15:00 +0000 UTC,Yuptoo-service,Yuptoo-app-standalone-1,Yuptoo-app,ReplicaSet,<none>,deployment,Yuptoo-prod,quay.io/cloudservices/yuptoo,ip-10-0-176-227.us-east-2.compute.internal,i-0dfbb3fa4d0e8fc94,1,1,1,1,0.047932,0.031571,0.064131,0.047932,0,0,0,1073741824,1073741824,1073741824,1073741824,513587266.064516,510009344,513900544,513587266.064516,493311537.548387,493293568,493371392,493311537.548387
2023-02-01 00:00:00 +0000 UTC,2023-03-01 00:00:00 +0000 UTC,2023-06-02 05:15:01 +0000 UTC,2023-06-02 05:30:00 +0000 UTC,Yuptoo-service,Yuptoo-app-standalone-1,Yuptoo-app,ReplicaSet,<none>,deployment,Yuptoo-prod,quay.io/cloudservices/yuptoo,ip-10-0-176-227.us-east-2.compute.internal,i-0dfbb3fa4d0e8fc94,1,1,1,1,0.047932,0.031571,0.064131,0.047932,0,0,0,1073741824,1073741824,1073741824,1073741824,513587266.064516,510009344,513900544,513587266.064516,493311537.548387,493293568,493371392,493311537.548387
2023-02-01 00:00:00 +0000 UTC,2023-03-01 00:00:00 +0000 UTC,2023-06-02 05:30:01 +0000 UTC,2023-06-02 05:45:00 +0000 UTC,Yuptoo-service,Yuptoo-app-standalone-1,Yuptoo-app,ReplicaSet,<none>,deployment,Yuptoo-prod,quay.io/cloudservices/yuptoo,ip-10-0-176-227.us-east-2.compute.internal,i-0dfbb3fa4d0e8fc94,1,1,1,1,0.047932,0.031571,0.064131,0.047932,0,0,0,1073741824,1073741824,1073741824,1073741824,513587266.064516,510009344,513900544,513587266.064516,493311537.548387,493293568,493371392,493311537.548387
2023-02-01 00:00:00 +0000 UTC,2023-03-01 00:00:00 +0000 UTC,2023-06-02 05:45:01 +0000 UTC,2023-06-02 06:00:00 +0000 UTC,Yuptoo-service,Yuptoo-app-standalone-1,Yuptoo-app,ReplicaSet,<none>,deployment,Yuptoo-prod,quay.io/cloudservices/yuptoo,ip-10-0-176-227.us-east-2.compute.internal,i-0dfbb3fa4d0e8fc94,1,1,1,1,0.047932,0.031571,0.064131,0.047932,0,0,0,1073741824,1073741824,1073741824,1073741824,513587266.064516,510009344,513900544,513587266.064516,493311537.548387,493293568,493371392,493311537.548387
2023-02-01 00:00:00 +0000 UTC,2023-03-01 00:00:00 +0000 UTC,2023-06-02 06:00:01 +0000 UTC,2023-06-02 06:15:00 +0000 UTC,Yuptoo-service,Yuptoo-app-standalone-1,Yuptoo-app,ReplicaSet,<none>,deployment,Yuptoo-prod,quay.io/cloudservices/yuptoo,ip-10-0-176-227.us-east-2.compute.internal,i-0dfbb3fa4d0e8fc94,1,1,1,1,0.047932,0.031571,0.064131,0.047932,0,0,0,1073741824,1073741824,1073741824,1073741824,513587266.064516,510009344,513900544,513587266.064516,493311537.548387,493293568,493371392,493311537.548387
2023-02-01 00:00:00 +0000 UTC,2023-03-01 00:00:00 +0000 UTC,2023-06-02 06:15:01 +0000 UTC,2023-06-02 06:30:00 +0000 UTC,Yuptoo-service,Yuptoo-app-standalone-1,Yuptoo-app,ReplicaSet,<none>,deployment,Yuptoo-prod,quay.io/cloudservices/yuptoo,ip-10-0-176-227.us-east-2.compute.internal,i-0dfbb3fa4d0e8fc94,1,1,1,1,0.047932,0.031571,0.064131,0.047932,0,0,0,1073741824,1073741824,1073741824,1073741824,513587266.064516,510009344,513900544,513587266.064516,493311537.548387,493293568,493371392,493311537.548387
2023-02-01 00:00:00 +0000 UTC,2023-03-01 00:00:00 +0000 UTC,2023-06-02 06:30:01 +0000 UTC,2023-06-02 06:45:00 +0000 UTC,Yuptoo-service,Yuptoo-app-standalone-1,Yuptoo-app,ReplicaSet,<none>,deployment,Yuptoo-prod,quay.io/cloudservices/yuptoo,ip-10-0-176-227.us-east-2.compute.internal,i-0dfbb3fa4d0e8fc94,1,1,1,1,0.047932,0.031571,0.064131,0.047932,0,0,0,1073741824,1073741824,1073741824,1073741824,513587266.064516,510009344,513900544,513587266.064516,493311537.548387,493293568,493371392,493311537.548387
2023-02-01 00:00:00 +0000 UTC,2023-03-01 00:00:00 +0000 UTC,2023-06-02 06:45:01 +0000 UTC,2023-06-02 07:00:00 +0000 UTC,Yuptoo-service,Yuptoo-app-standalone-1,Yuptoo-app,ReplicaSet,<none>,deployment,Yuptoo-prod,quay.io/cloudservices/yuptoo,ip-10-0-176-227.us-east-2.compute.internal,i-0dfbb3fa4d0e8fc94,1,1,1,1,0.047932,0.031571,0.064131,0.047932,0,0,0,1073741824,1073741824,1073741824,1073741824,513587266.064516,510009344,513900544,513587266.064516,493311537.548387,493293568,493371392,493311537.548387
2023-02-01 00:00:00 +0000 UTC,2023-03-01 00:00:00 +0000 UTC,2023-06-02 07:00:01 +0000 UTC,2023-06-02 07:15:00 +0000 UTC,Yuptoo-service,Yuptoo-app-standalone-1,Yuptoo-app,ReplicaSet,<none>,deployment,Yuptoo-prod,quay.io/cloudservices/yuptoo,ip-10-0-176-227.us-east-2.compute.internal,i-0dfbb3fa4d0e8fc94,1,1,1,1,0.047932,0.031571,0.064131,0.047932,0,0,0,1073741824,1073741824,1073741824,1073741824,513587266.064516,510009344,513900544,513587266.064516,493311537.548387,493293568,493371392,493311537.548387
2023-02-01 00:00:00 +0000 UTC,2023-03-01 00:00:00 +0000 UTC,2023-06-02 07:15:01 +0000 UTC,2023-06-02 07:30:00 +0000 UTC,Yuptoo-service,Yuptoo-app-standalone-1,Yuptoo-app,ReplicaSet,<none>,deployment,Yuptoo-prod,quay.io/cloudservices/yuptoo,ip-10-0-176-227.us-east-2.compute.internal,i-0dfbb3fa4d0e8fc94,1,1,1,1,0.047932,0.031571,0.064131,0.047932,0,0,0,1073741824,1073741824,1073741824,1073741824,513587266.064516,510009344,513900544,513587266.064516,493311537.548387,493293568,493371392,493311537.548387
2023-02-01 00:00:00 +0000 UTC,2023-03-01 00:00:00 +0000 UTC,2023-06-02 07:30:01 +0000 UTC,2023-06-02 07:45:00 +0000 UTC,Yuptoo-service,Yuptoo-app-standalone-1,Yuptoo-app,ReplicaSet,<none>,deployment,Yuptoo-prod,quay.io/cloudservices/yuptoo,ip-10-0-176-227.us-east-2.compute.internal,i-0dfbb3fa4d0e8fc94,1,1,1,1,0.047932,0.031571,0.064131,0.047932,0,0,0,1073741824,1073741824,1073741824,1073741824,513587266.064516,510009344,513900544,513587266.064516,493311537.548387,493293568,493371392,493311537.548387
2023-02-01 00:00:00 +0000 UTC,2023-03-01 00:00:00 +0000 UTC,2023-06-02 07:45:01 +0000 UTC,2023-06-02 08:00:00 +0000 UTC,Yuptoo-service,Yuptoo-app-standalone-1,Yuptoo-app,ReplicaSet,<none>,deployment,Yuptoo-prod,quay.io/cloudservices/yuptoo,ip-10-0-176-227.us-east-2.compute.internal,i-0dfbb3fa4d0e8fc94,1,1,1,1,0.047932,0.031571,0.064131,0.047932,0,0,0,1073741824,1073741824,1073741824,1073741824,513587266.064516,510009344,513900544,513587266.064516,493311537.548387,493293568,493371392,493311537.548387
2023-02-01 00:00:00 +0000 UTC,2023-03-01 00:00:00 +0000 UTC,2023-06-02 08:00:01 +0000 UTC,2023-06-02 08:15:00 +0000 UTC,Yuptoo-service,Yuptoo-app-standalone-1,Yuptoo-app,ReplicaSet,<none>,deployment,Yuptoo-prod,quay.io/cloudservices/yuptoo,ip-10-0-176-227.us-east-2.compute.internal,i-0dfbb3fa4d0e8fc94,1,1,1,1,0.047932,0.031571,0.064131,0.047932,0,0,0,1073741824,1073741824,1073741824,1073741824,513587266.064516,510009344,513900544,513587266.064516,493311537.548387,493293568,493371392,493311537.548387
2023-02-01 00:00:00 +0000 UTC,2023-03-01 00:00:00 +0000 UTC,2023-06-02 08:15:01 +0000 UTC,2023-06-02 08:30:00 +0000 UTC,Yuptoo-service,Yuptoo-app-standalone-1,Yuptoo-app,ReplicaSet,<none>,deployment,Yuptoo-prod,quay.io/cloudservices/yuptoo,ip-10-0-176-227.us-east-2.compute.internal,i-0dfbb3fa4d0e8fc94,1,1,1,1,0.047932,0.031571,0.064131,0.047932,0,0,0,1073741824,1073741824,1073741824,1073741824,513587266.064516,510009344,513900544,513587266.064516,493311537.548387,493293568,493371392,493311537.548387
2023-02-01 00:00:00 +0000 UTC,2023-03-01 00:00:00 +0000 UTC,2023-06-02 08:30:01 +0000 UTC,2023-06-02 08:45:00 +0000 UTC,Yuptoo-service,Yuptoo-app-standalone-1,Yuptoo-app,ReplicaSet,<none>,deployment,Yuptoo-prod,quay.io/cloudservices/yuptoo,ip-10-0-176-227.us-east-2.compute.internal,i-0dfbb3fa4d0e8fc94,1,1,1,1,0.047932,0.031571,0.064131,0.047932,0,0,0,1073741824,1073741824,1073741824,1073741824,513587266.064516,510009344,513900544,513587266.064516,493311537.548387,493293568,493371392,493311537.548387
2023-02-01 00:00:00 +0000 UTC,2023-03-01 00:00:00 +0000 UTC,2023-06-02 08:45:01 +0000 UTC,2023-06-02 09:00:00 +0000 UTC,Yuptoo-service,Yuptoo-app-standalone-1,Yuptoo-app,ReplicaSet,<none>,deployment,Yuptoo-prod,quay.io/cloudservices/yuptoo,ip-10-0-176-227.us-east-2.compute.internal,i-0dfbb3fa4d0e8fc94,1,1,1,1,0.047932,0.031571,0.064131,0.047932,0,0,0,1073741824,1073741824,1073741824,1073741824,513587266.064516,510009344,513900544,513587266.064516,493311537.548387,493293568,493371392,493311537.548387
2023-02-01 00:00:00 +0000 UTC,2023-03-01 00:00:00 +0000 UTC,2023-06-02 09:00:01 +0000 UTC,2023-06-02 09:15:00 +0000 UTC,Yuptoo-service,Yuptoo-app-standalone-1,Yuptoo-app,ReplicaSet,<none>,deployment,Yuptoo-prod,quay.io/cloudservices/yuptoo,ip-10-0-176-227.us-east-2.compute.internal,i-0dfbb3fa4d0e8fc94,1,1,1,1,0.047932,0.031571,0.064131,0.047932,0,0,0,1073741824,1073741824,1073741824,1073741824,513587266.064516,510009344,513900544,513587266.064516,493311537.548387,493293568,493371392,493311537.548387
2023-02-01 00:00:00 +0000 UTC,2023-03-01 00:00:00 +0000 UTC,2023-06-02 09:15:01 +0000 UTC,2023-06-02 09:30:00 +0000 UTC,Yuptoo-service,Yuptoo-app-standalone-1,Yuptoo-app,ReplicaSet,<none>,deployment,Yuptoo-prod,quay.io/cloudservices/yuptoo,ip-10-0-176-227.us-east-2.compute.internal,i-0dfbb3fa4d0e8fc94,1,1,1,1,0.047932,0.031571,0.064131,0.047932,0,0,0,1073741824,1073741824,1073741824,1073741824,513587266.064516,510009344,513900544,513587266.064516,493311537.548387,493293568,493371392,493311537.548387
2023-02-01 00:00:00 +0000 UTC,2023-03-01 00:00:00 +0000 UTC,2023-06-02 09:30:01 +0000 UTC,2023-06-02 09:45:00 +0000 UTC,Yuptoo-service,Yuptoo-app-standalone-1,Yuptoo-app,ReplicaSet,<none>,deployment,Yuptoo-prod,quay.io/cloudservices/yuptoo,ip-10-0-176-227.us-east-2.compute.internal,i-0dfbb3fa4d0e8fc94,1,1,1,1,0.047932,0.031571,0.064131,0.047932,0,0,0,1073741824,1073741824,1073741824,1073741824,513587266.064516,510009344,513900544,513587266.064516,493311537.548387,493293568,493371392,493311537.548387
2023-02-01 00:00:00 +0000 UTC,2023-03-01 00:00:00 +0000 UTC,2023-06-02 09:45:01 +0000 UTC,2023-06-02 10:00:00 +0000 UTC,Yuptoo-service,Yuptoo-app-standalone-1,Yuptoo-app,ReplicaSet,<none>,deployment,Yuptoo-prod,quay.io/cloudservices/yuptoo,ip-10-0-176-227.us-east-2.compute.internal,i-0dfbb3fa4d0e8fc94,1,1,1,1,0.047932,0.031571,0.064131,0.047932,0,0,0,1073741824,1073741824,1073741824,1073741824,513587266.064516,510009344,513900544,513587266.064516,493311537.548387,493293568,493371392,493311537.548387
2023-02-01 00:00:00 +0000 UTC,2023-03-01 00:00:00 +0000 UTC,2023-06-02 10:00:01 +0000 UTC,2023-06-02 10:15:00 +0000 UTC,Yuptoo-service,Yuptoo-app-standalone-1,Yuptoo-app,ReplicaSet,<none>,deployment,Yuptoo-prod,quay.io/cloudservices/yuptoo,ip-10-0-176-227.us-east-2.compute.internal,i-0dfbb3fa4d0e8fc94,1,1,1,1,0.047932,0.031571,0.064131,0.047932,0,0,0,1073741824,1073741824,1073741824,1073741824,513587266.064516,510009344,513900544,513587266.064516,493311537.548387,493293568,493371392,493311537.548387
2023-02-01 00:00:00 +0000 UTC,2023-03-01 00:00:00 +0000 UTC,2023-06-02 10:15:01 +0000 UTC,2023-06-02 10:30:00 +0000 UTC,Yuptoo-service,Yuptoo-app-standalone-1,Yuptoo-app,ReplicaSet,<none>,deployment,Yuptoo-prod,quay.io/cloudservices/yuptoo,ip-10-0-176-227.us-east-2.compute.internal,i-0dfbb3fa4d0e8fc94,1,1,1,1,0.047932,0.031571,0.064131,0.047932,0,0,0,1073741824,1073741824,1073741824,1073741824,513587266.064516,510009344,513900544,513587266.064516,493311537.548387,493293568,493371392,493311537.548387
2023-02-01 00:00:00 +0000 UTC,2023-03-01 00:00:00 +0000 UTC,2023-06-02 10:30:01 +0000 UTC,2023-06-02 10:45:00 +0000 UTC,Yuptoo-service,Yuptoo-app-standalone-1,Yuptoo-app,ReplicaSet,<none>,deployment,Yuptoo-prod,quay.io/cloudservices/yuptoo,ip-10-0-176-227.us-east-2.compute.internal,i-0dfbb3fa4d0e8fc94,1,1,1,1,0.047932,0.031571,0.064131,0.047932,0,0,0,1073741824,1073741824,1073741824,1073741824,513587266.064516,510009344,513900544,513587266.064516,493311537.548387,493293568,493371392,493311537.548387
2023-02-01 00:00:00 +0000 UTC,2023-03-01 00:00:00 +0000 UTC,2023-06-02 10:45:01 +0000 UTC,2023-06-02 11:00:00 +0000 UTC,Yuptoo-service,Yuptoo-app-standalone-1,Yuptoo-app,ReplicaSet,<none>,deployment,Yuptoo-prod,quay.io/cloudservices/yuptoo,ip-10-0-176-227.us-east-2.compute.internal,i-0dfbb3fa4d0e8fc94,1,1,1,1,0.047932,0.031571,0.064131,0.047932,0,0,0,1073741824,1073741824,1073741824,1073741824,513587266.064516,510009344,513900544,513587266.064516,493311537.548387,493293568,493371392,493311537.548387
2023-02-01 00:00:00 +0000 UTC,2023-03-01 00:00:00 +0000 UTC,2023-06-02 11:00:01 +0000 UTC,2023-06-02 11:15:00 +0000 UTC,Yuptoo-service,Yuptoo-app-standalone-1,Yuptoo-app,ReplicaSet,<none>,deployment,Yuptoo-prod,quay.io/cloudservices/yuptoo,ip-10-0-176-227.us-east-2.compute.internal,i-0dfbb3fa4d0e8fc94,1,1,1,1,0.047932,0.031571,0.064131,0.047932,0,0,0,1073741824,1073741824,1073741824,1073741824,513587266.064516,510009344,513900544,513587266.064516,493311537.548387,493293568,493371392,493311537.548387
2023-02-01 00:00:00 +0000 UTC,2023-03-01 00:00:00 +0000 UTC,2023-06-02 11:15:01 +0000 UTC,2023-06-02 11:30:00 +0000 UTC,Yuptoo-service,Yuptoo-app-standalone-1,Yuptoo-app,ReplicaSet,<none>,deployment,Yuptoo-prod,quay.io/cloudservices/yuptoo,ip-10-0-176-227.us-east-2.compute.internal,i-0dfbb3fa4d0e8fc94,1,1,1,1,0.047932,0.031571,0.064131,0.047932,0,0,0,1073741824,1073741824,1073741824,1073741824,513587266.064516,510009344,513900544,513587266.064516,493311537.548387,493293568,493371392,493311537.548387
2023-02-01 00:00:00 +0000 UTC,2023-03-01 00:00:00 +0000 UTC,2023-06-02 11:30:01 +0000 UTC,2023-06-02 11:45:00 +0000 UTC,Yuptoo-service,Yuptoo-app-standalone-1,Yuptoo-app,ReplicaSet,<none>,deployment,Yuptoo-prod,quay.io/cloudservices/yuptoo,ip-10-0-176-227.us-east-2.compute.internal,i-0dfbb3fa4d0e8fc94,1,1,1,1,0.047932,0.031571,0.064131,0.047932,0,0,0,1073741824,1073741824,1073741824,1073741824,513587266.064516,510009344,513900544,513587266.064516,493311537.548387,493293568,493371392,493311537.548387
2023-02-01 00:00:00 +0000 UTC,2023-03-01 00:00:00 +0000 UTC,2023-06-02 11:45:01 +0000 UTC,2023-06-02 12:00:00 +0000 UTC,Yuptoo-service,Yuptoo-app-standalone-1,Yuptoo-app,ReplicaSet,<none>,deployment,Yuptoo-prod,quay.io/cloudservices/yuptoo,ip-10-0-176-227.us-east-2.compute.internal,i-0dfbb3fa4d0e8fc94,1,1,1,1,0.047932,0.031571,0.064131,0.047932,0,0,0,1073741824,1073741824,1073741824,1073741824,513587266.064516,510009344,513900544,513587266.064516,493311537.548387,493293568,493371392,493311537.548387
2023-02-01 00:00:00 +0000 UTC,2023-03-01 00:00:00 +0000 UTC,2023-06-02 12:00:01 +0000 UTC,2023-06-02 12:15:00 +0000 UTC,Yuptoo-service,Yuptoo-app-standalone-1,Yuptoo-app,ReplicaSet,<none>,deployment,Yuptoo-prod,quay.io/cloudservices/yuptoo,ip-10-0-176-227.us-east-2.compute.internal,i-0dfbb3fa4d0e8fc94,1,1,1,1,0.047932,0.031571,0.064131,0.047932,0,0,0,1073741824,1073741824,1073741824,1073741824,513587266.064516,510009344,513900544,513587266.064516,493311537.548387,493293568,493371392,493311537.548387
2023-02-01 00:00:00 +0000 UTC,2023-03-01 00:00:00 +0000 UTC,2023-06-02 12:15:01 +0000 UTC,2023-06-02 12:30:00 +0000 UTC,Yuptoo-service,Yuptoo-app-standalone-1,Yuptoo-app,ReplicaSet,<none>,deployment,Yuptoo-prod,quay.io/cloudservices/yuptoo,ip-10-0-176-227.us-east-2.compute.internal,i-0dfbb3fa4d0e8fc94,1,1,1,1,0.047932,0.031571,0.064131,0.047932,0,0,0,1073741824,1073741824,1073741824,1073741824,513587266.064516,510009344,513900544,513587266.064516,493311537.548387,493293568,493371392,493311537.548387
2023-02-01 00:00:00 +0000 UTC,2023-03-01 00:00:00 +0000 UTC,2023-06-02 12:30:01 +0000 UTC,2023-06-02 12:45:00 +0000 UTC,Yuptoo-service,Yuptoo-app-standalone-1,Yuptoo-app,ReplicaSet,<none>,deployment,Yuptoo-prod,quay.io/cloudservices/yuptoo,ip-10-0-176-227.us-east-2.compute.internal,i-0dfbb3fa4d0e8fc94,1,1,1,1,0.047932,0.031571,0.064131,0.047932,0,0,0,1073741824,1073741824,1073741824,1073741824,513587266.064516,510009344,513900544,513587266.064516,493311537.548387,493293568,493371392,493311537.548387
2023-02-01 00:00:00 +0000 UTC,2023-03-01 00:00:00 +0000 UTC,2023-06-02 12:45:01 +0000 UTC,2023-06-02 13:00:00 +0000 UTC,Yuptoo-service,Yuptoo-app-standalone-1,Yuptoo-app,ReplicaSet,<none>,deployment,Yuptoo-prod,quay.io/cloudservices/yuptoo,ip-10-0-176-227.us-east-2.compute.internal,i-0dfbb3fa4d0e8fc94,1,1,1,1,0.047932,0.031571,0.064131,0.047932,0,0,0,1073741824,1073741824,1073741824,1073741824,513587266.064516,510009344,513900544,513587266.064516,493311537.548387,493293568,493371392,493311537.548387
2023-02-01 00:00:00 +0000 UTC,2023-03-01 00:00:00 +0000 UTC,2023-06-02 13:00:01 +0000 UTC,2023-06-02 13:15:00 +0000 UTC,Yuptoo-service,Yuptoo-app-standalone-1,Yuptoo-app,ReplicaSet,<none>,deployment,Yuptoo-prod,quay.io/cloudservices/yuptoo,ip-10-0-176-227.us-east-2.compute.internal,i-0dfbb3fa4d0e8fc94,1,1,1,1,0.047932,0.031571,0.064131,0.047932,0,0,0,1073741824,1073741824,1073741824,1073741824,513587266.064516,510009344,513900544,513587266.064516,493311537.548387,493293568,493371392,493311537.548387
2023-02-01 00:00:00 +0000 UTC,2023-03-01 00:00:00 +0000 UTC,2023-06-02 13:15:01 +0000 UTC,2023-06-02 13:30:00 +0000 UTC,Yuptoo-service,Yuptoo-app-standalone-1,Yuptoo-app,ReplicaSet,<none>,deployment,Yuptoo-prod,quay.io/cloudservices/yuptoo,ip-10-0-176-227.us-east-2.compute.internal,i-0dfbb3fa4d0e8fc94,1,1,1,1,0.047932,0.031571,0.064131,0.047932,0,0,0,1073741824,1073741824,1073741824,1073741824,513587266.064516,510009344,513900544,513587266.064516,493311537.548387,493293568,493371392,493311537.548387
2023-02-01 00:00:00 +0000 UTC,2023-03-01 00:00:00 +0000 UTC,2023-06-02 13:30:01 +0000 UTC,2023-06-02 13:45:00 +0000 UTC,Yuptoo-service,Yuptoo-app-standalone-1,Yuptoo-app,ReplicaSet,<none>,deployment,Yuptoo-prod,quay.io/cloudservices/yuptoo,ip-10-0-176-227.us-east-2.compute.internal,i-0dfbb3fa4d0e8fc94,1,1,1,1,0.047932,0.031571,0.064131,0.047932,0,0,0,1073741824,1073741824,1073741824,1073741824,513587266.064516,510009344,513900544,513587266.064516,493311537.548387,493293568,493371392,493311537.548387
2023-02-01 00:00:00 +0000 UTC,2023-03-01 00:00:00 +0000 UTC,2023-06-02 13:45:01 +0000 UTC,2023-06-02 14:00:00 +0000 UTC,Yuptoo-service,Yuptoo-app-standalone-1,Yuptoo-app,ReplicaSet,<none>,deployment,Yuptoo-prod,quay.io/cloudservices/yuptoo,ip-10-0-176-227.us-east-2.compute.internal,i-0dfbb3fa4d0e8fc94,1,1,1,1,0.047932,0.031571,0.064131,0.047932,0,0,0,1073741824,1073741824,1073741824,1073741824,513587266.064516,510009344,513900544,513587266.064516,493311537.548387,493293568,493371392,493311537.548387
2023-02-01 00:00:00 +0000 UTC,2023-03-01 00:00:00 +0000 UTC,2023-06-02 14:00:01 +0000 UTC,2023-06-02 14:15:00 +0000 UTC,Yuptoo-service,Yuptoo-app-standalone-1,Yuptoo-app,ReplicaSet,<none>,deployment,Yuptoo-prod,quay.io/cloudservices/yuptoo,ip-10-0-176-227.us-east-2.compute.internal,i-0dfbb3fa4d0e8fc94,1,1,1,1,0.047932,0.031571,0.064131,0.047932,0,0,0,1073741824,1073741824,1073741824,1073741824,513587266.064516,510009344,513900544,513587266.064516,493311537.548387,493293568,493371392,493311537.548387
2023-02-01 00:00:00 +0000 UTC,2023-03-01 00:00:00 +0000 UTC,2023-06-02 14:15:01 +0000 UTC,2023-06-02 14:30:00 +0000 UTC,Yuptoo-service,Yuptoo-app-standalone-1,Yuptoo-app,ReplicaSet,<none>,deployment,Yuptoo-prod,quay.io/cloudservices/yuptoo,ip-10-0-176-227.us-east-2.compute.internal,i-0dfbb3fa4d0e8fc94,1,1,1,1,0.047932,0.031571,0.064131,0.047932,0,0,0,1073741824,1073741824,1073741824,1073741824,513587266.064516,510009344,513900544,513587266.064516,493311537.548387,493293568,493371392,493311537.548387
2023-02-01 00:00:00 +0000 UTC,2023-03-01 00:00:00 +0000 UTC,2023-06-02 14:30:01 +0000 UTC,2023-06-02 14:45:00 +0000 UTC,Yuptoo-service,Yuptoo-app-standalone-1,Yuptoo-app,ReplicaSet,<none>,deployment,Yuptoo-prod,quay.io/cloudservices/yuptoo,ip-10-0-176-227.us-east-2.compute.internal,i-0dfbb3fa4d0e8fc94,1,1,1,1,0.047932,0.031571,0.064131,0.047932,0,0,0,1073741824,1073741824,1073741824,1073741824,513587266.064516,510009344,513900544,513587266.064516,493311537.548387,493293568,493371392,493311537.548387
2023-02-01 00:00:00 +0000 UTC,2023-03-01 00:00:00 +0000 UTC,2023-06-02 14:45:01 +0000 UTC,2023-06-02 15:00:00 +0000 UTC,Yuptoo-service,Yuptoo-app-standalone-1,Yuptoo-app,ReplicaSet,<none>,deployment,Yuptoo-prod,quay.io/cloudservices/yuptoo,ip-10-0-176-227.us-east-2.compute.internal,i-0dfbb3fa4d0e8fc94,1,1,1,1,0.047932,0.031571,0.064131,0.047932,0,0,0,1073741824,1073741824,1073741824,1073741824,513587266.064516,510009344,513900544,513587266.064516,493311537.548387,493293568,493371392,493311537.548387
2023-02-01 00:00:00 +0000 UTC,2023-03-01 00:00:00 +0000 UTC,2023-06-02 15:00:01 +0000 UTC,2023-06-02 15:15:00 +0000 UTC,Yuptoo-service,Yuptoo-app-standalone-1,Yuptoo-app,ReplicaSet,<none>,deployment,Yuptoo-prod,quay.io/cloudservices/yuptoo,ip-10-0-176-227.us-east-2.compute.internal,i-0dfbb3fa4d0e8fc94,1,1,1,1,0.047932,0.031571,0.064131,0.047932,0,0,0,1073741824,1073741824,1073741824,1073741824,513587266.064516,510009344,513900544,513587266.064516,493311537.548387,493293568,493371392,493311537.548387
2023-02-01 00:00:00 +0000 UTC,2023-03-01 00:00:00 +0000 UTC,2023-06-02 15:15:01 +0000 UTC,2023-06-02 15:30:00 +0000 UTC,Yuptoo-service,Yuptoo-app-standalone-1,Yuptoo-app,ReplicaSet,<none>,deployment,Yuptoo-prod,quay.io/cloudservices/yuptoo,ip-10-0-176-227.us-east-2.compute.internal,i-0dfbb3fa4d0e8fc94,1,1,1,1,0.047932,0.031571,0.064131,0.047932,0,0,0,1073741824,1073741824,1073741824,1073741824,513587266.064516,510009344,513900544,513587266.064516,493311537.548387,493293568,493371392,493311537.548387
2023-02-01 00:00:00 +0000 UTC,2023-03-01 00:00:00 +0000 UTC,2023-06-02 15:30:01 +0000 UTC,2023-06-02 15:45:00 +0000 UTC,Yuptoo-service,Yuptoo-app-standalone-1,Yuptoo-app,ReplicaSet,<none>,deployment,Yuptoo-prod,quay.io/cloudservices/yuptoo,ip-10-0-176-227.us-east-2.compute.internal,i-0dfbb3fa4d0e8fc94,1,1,1,1,0.047932,0.031571,0.064131,0.047932,0,0,0,1073741824,1073741824,1073741824,1073741824,513587266.064516,510009344,513900544,513587266.064516,493311537.548387,493293568,493371392,493311537.548387
2023-02-01 00:00:00 +0000 UTC,2023-03-01 00:00:00 +0000 UTC,2023-06-02 15:45:01 +0000 UTC,2023-06-02 16:00:00 +0000 UTC,Yuptoo-service,Yuptoo-app-standalone-1,Yuptoo-app,ReplicaSet,<none>,deployment,Yuptoo-prod,quay.io/cloudservices/yuptoo,ip-10-0-176-227.us-east-2.compute.internal,i-0dfbb3fa4d0e8fc94,1,1,1,1,0.047932,0.031571,0.064131,0.047932,0,0,0,1073741824,1073741824,1073741824,1073741824,513587266.064516,510009344,513900544,513587266.064516,493311537.548387,493293568,493371392,493311537.548387
2023-02-01 00:00:00 +0000 UTC,2023-03-01 00:00:00 +0000 UTC,2023-06-02 16:00:01 +0000 UTC,2023-06-02 16:15:00 +0000 UTC,Yuptoo-service,Yuptoo-app-standalone-1,Yuptoo-app,ReplicaSet,<none>,deployment,Yuptoo-prod,quay.io/cloudservices/yuptoo,ip-10-0-176-227.us-east-2.compute.internal,i-0dfbb3fa4d0e8fc94,1,1,1,1,0.047932,0.031571,0.064131,0.047932,0,0,0,1073741824,1073741824,1073741824,1073741824,513587266.064516,510009344,513900544,513587266.064516,493311537.548387,493293568,493371392,493311537.548387
2023-02-01 00:00:00 +0000 UTC,2023-03-01 00:00:00 +0000 UTC,2023-06-02 16:15:01 +0000 UTC,2023-06-02 16:30:00 +0000 UTC,Yuptoo-service,Yuptoo-app-standalone-1,Yuptoo-app,ReplicaSet,<none>,deployment,Yuptoo-prod,quay.io/cloudservices/yuptoo,ip-10-0-176-227.us-east-2.compute.internal,i-0dfbb3fa4d0e8fc94,1,1,1,1,0.047932,0.031571,0.064131,0.047932,0,0,0,1073741824,1073741824,1073741824,1073741824,513587266.064516,510009344,513900544,513587266.064516,493311537.548387,493293568,493371392,493311537.548387
2023-02-01 00:00:00 +0000 UTC,2023-03-01 00:00:00 +0000 UTC,2023-06-02 16:30:01 +0000 UTC,2023-06-02 16:45:00 +0000 UTC,Yuptoo-service,Yuptoo-app-standalone-1,Yuptoo-app,ReplicaSet,<none>,deployment,Yuptoo-prod,quay.io/cloudservices/yuptoo,ip-10-0-176-227.us-east-2.compute.internal,i-0dfbb3fa4d0e8fc94,1,1,1,1,0.047932,0.031571,0.064131,0.047932,0,0,0,1073741824,1073741824,1073741824,1073741824,513587266.064516,510009344,513900544,513587266.064516,493311537.548387,493293568,493371392,493311537.548387
2023-02-01 00:00:00 +0000 UTC,2023-03-01 00:00:00 +0000 UTC,2023-06-02 16:45:01 +0000 UTC,2023-06-02 17:00:00 +0000 UTC,Yuptoo-service,Yuptoo-app-standalone-1,Yuptoo-app,ReplicaSet,<none>,deployment,Yuptoo-prod,quay.io/cloudservices/yuptoo,ip-10-0-176-227.us-east-2.compute.internal,i-0dfbb3fa4d0e8fc94,1,1,1,1,0.047932,0.031571,0.064131,0.047932,0,0,0,1073741824,1073741824,1073741824,1073741824,513587266.064516,510009344,513900544,513587266.064516,493311537.548387,493293568,493371392,493311537.548387
2023-02-01 00:00:00 +0000 UTC,2023-03-01 00:00:00 +0000 UTC,2023-06-02 17:00:01 +0000 UTC,2023-06-02 17:15:00 +0000 UTC,Yuptoo-service,Yuptoo-app-standalone-1,Yuptoo-app,ReplicaSet,<none>,deployment,Yuptoo-prod,quay.io/cloudservices/yuptoo,ip-10-0-176-227.us-east-2.compute.internal,i-0dfbb3fa4d0e8fc94,1,1,1,1,0.047932,0.031571,0.064131,0.047932,0,0,0,1073741824,1073741824,1073741824,1073741824,513587266.064516,510009344,513900544,513587266.064516,493311537.548387,493293568,493371392,493311537.548387
2023-02-01 00:00:00 +0000 UTC,2023-03-01 00:00:00 +0000 UTC,2023-06-02 17:15:01 +0000 UTC,2023-06-02 17:30:00 +0000 UTC,Yuptoo-service,Yuptoo-app-standalone-1,Yuptoo-app,ReplicaSet,<none>,deployment,Yuptoo-prod,quay.io/cloudservices/yuptoo,ip-10-0-176-227.us-east-2.compute.internal,i-0dfbb3fa4d0e8fc94,1,1,1,1,0.047932,0.031571,0.064131,0.047932,0,0,0,1073741824,1073741824,1073741824,1073741824,513587266.064516,510009344,513900544,513587266.064516,493311537.548387,493293568,493371392,493311537.548387
2023-02-01 00:00:00 +0000 UTC,2023-03-01 00:00:00 +0000 UTC,2023-06-02 17:30:01 +0000 UTC,2023-06-02 17:45:00 +0000 UTC,Yuptoo-service,Yuptoo-app-standalone-1,Yuptoo-app,ReplicaSet,<none>,deployment,Yuptoo-prod,quay.io/cloudservices/yuptoo,ip-10-0-176-227.us-east-2.compute.internal,i-0dfbb3fa4d0e8fc94,1,1,1,1,0.047932,0.031571,0.064131,0.047932,0,0,0,1073741824,1073741824,1073741824,1073741824,513587266.064516,510009344,513900544,513587266.064516,493311537.548387,493293568,493371392,493311537.548387
2023-02-01 00:00:00 +0000 UTC,2023-03-01 00:00:00 +0000 UTC,2023-06-02 17:45:01 +0000 UTC,2023-06-02 18:00:00 +0000 UTC,Yuptoo-service,Yuptoo-app-standalone-1,Yuptoo-app,ReplicaSet,<none>,deployment,Yuptoo-prod,quay.io/cloudservices/yuptoo,ip-10-0-176-227.us-east-2.compute.internal,i-0dfbb3fa4d0e8fc94,1,1,1,1,0.047932,0.031571,0.064131,0.047932,0,0,0,1073741824,1073741824,1073741824,1073741824,513587266.064516,510009344,513900544,513587266.064516,493311537.548387,493293568,493371392,493311537.548387
2023-02-01 00:00:00 +0000 UTC,2023-03-01 00:00:00 +0000 UTC,2023-06-02 18:00:01 +0000 UTC,2023-06-02 18:15:00 +0000 UTC,Yuptoo-service,Yuptoo-app-standalone-1,Yuptoo-app,ReplicaSet,<none>,deployment,Yuptoo-prod,quay.io/cloudservices/yuptoo,ip-10-0-176-227.us-east-2.compute.internal,i-0dfbb3fa4d0e8fc94,1,1,1,1,0.047932,0.031571,0.064131,0.047932,0,0,0,1073741824,1073741824,1073741824,1073741824,513587266.064516,510009344,513900544,513587266.064516,493311537.548387,493293568,493371392,493311537.548387
2023-02-01 00:00:00 +0000 UTC,2023-03-01 00:00:00 +0000 UTC,2023-06-02 18:15:01 +0000 UTC,2023-06-02 18:30:00 +0000 UTC,Yuptoo-service,Yuptoo-app-standalone-1,Yuptoo-app,ReplicaSet,<none>,deployment,Yuptoo-prod,quay.io/cloudservices/yuptoo,ip-10-0-176-227.us-east-2.compute.internal,i-0dfbb3fa4d0e8fc94,1,1,1,1,0.047932,0.031571,0.064131,0.047932,0,0,0,1073741824,1073741824,1073741824,1073741824,513587266.064516,510009344,513900544,513587266.064516,493311537.548387,493293568,493371392,493311537.548387
2023-02-01 00:00:00 +0000 UTC,2023-03-01 00:00:00 +0000 UTC,2023-06-02 18:30:01 +0000 UTC,2023-06-02 18:45:00 +0000 UTC,Yuptoo-service,Yuptoo-app-standalone-1,Yuptoo-app,ReplicaSet,<none>,deployment,Yuptoo-prod,quay.io/cloudservices/yuptoo,ip-10-0-176-227.us-east-2.compute.internal,i-0dfbb3fa4d0e8fc94,1,1,1,1,0.047932,0.031571,0.064131,0.047932,0,0,0,1073741824,1073741824,1073741824,1073741824,513587266.064516,510009344,513900544,513587266.064516,493311537.548387,493293568,493371392,493311537.548387
2023-02-01 00:00:00 +0000 UTC,2023-03-01 00:00:00 +0000 UTC,2023-06-02 18:45:01 +0000 UTC,2023-06-02 19:00:00 +0000 UTC,Yuptoo-service,Yuptoo-app-standalone-1,Yuptoo-app,ReplicaSet,<none>,deployment,Yuptoo-prod,quay.io/cloudservices/yuptoo,ip-10-0-176-227.us-east-2.compute.internal,i-0dfbb3fa4d0e8fc94,1,1,1,1,0.047932,0.031571,0.064131,0.047932,0,0,0,1073741824,1073741824,1073741824,1073741824,513587266.064516,510009344,513900544,513587266.064516,493311537.548387,493293568,493371392,493311537.548387
2023-02-01 00:00:00 +0000 UTC,2023-03-01 00:00:00 +0000 UTC,2023-06-02 19:00:01 +0000 UTC,2023-06-02 19:15:00 +0000 UTC,Yuptoo-service,Yuptoo-app-standalone-1,Yuptoo-app,ReplicaSet,<none>,deployment,Yuptoo-prod,quay.io/cloudservices/yuptoo,ip-10-0-176-227.us-east-2.compute.internal,i-0dfbb3fa4d0e8fc94,1,1,1,1,0.047932,0.031571,0.064131,0.047932,0,0,0,1073741824,1073741824,1073741824,1073741824,513587266.064516,510009344,513900544,513587266.064516,493311537.548387,493293568,493371392,493311537.548387
2023-02-01 00:00:00 +0000 UTC,2023-03-01 00:00:00 +0000 UTC,2023-06-02 19:15:01 +0000 UTC,2023-06-02 19:30:00 +0000 UTC,Yuptoo-service,Yuptoo-app-standalone-1,Yuptoo-app,ReplicaSet,<none>,deployment,Yuptoo-prod,quay.io/cloudservices/yuptoo,ip-10-0-176-227.us-east-2.compute.internal,i-0dfbb3fa4d0e8fc94,1,1,1,1,0.047932,0.031571,0.064131,0.047932,0,0,0,1073741824,1073741824,1073741824,1073741824,513587266.064516,510009344,513900544,513587266.064516,493311537.548387,493293568,493371392,493311537.548387
2023-02-01 00:00:00 +0000 UTC,2023-03-01 00:00:00 +0000 UTC,2023-06-02 19:30:01 +0000 UTC,2023-06-02 19:45:00 +0000 UTC,Yuptoo-service,Yuptoo-app-standalone-1,Yuptoo-app,ReplicaSet,<none>,deployment,Yuptoo-prod,quay.io/cloudservices/yuptoo,ip-10-0-176-227.us-east-2.compute.internal,i-0dfbb3fa4d0e8fc94,1,1,1,1,0.047932,0.031571,0.064131,0.047932,0,0,0,1073741824,1073741824,1073741824,1073741824,513587266.064516,510009344,513900544,513587266.064516,493311537.548387,493293568,493371392,493311537.548387
2023-02-01 00:00:00 +0000 UTC,2023-03-01 00:00:00 +0000 UTC,2023-06-02 19:45:01 +0000 UTC,2023-06-02 20:00:00 +0000 UTC,Yuptoo-service,Yuptoo-app-standalone-1,Yuptoo-app,ReplicaSet,<none>,deployment,Yuptoo-prod,quay.io/cloudservices/yuptoo,ip-10-0-176-227.us-east-2.compute.internal,i-0dfbb3fa4d0e8fc94,1,1,1,1,0.047932,0.031571,0.064131,0.047932,0,0,0,1073741824,1073741824,1073741824,1073741824,513587266.064516,510009344,513900544,513587266.064516,493311537.548387,493293568,493371392,493311537.548387
2023-02-01 00:00:00 +0000 UTC,2023-03-01 00:00:00 +0000 UTC,2023-06-02 20:00:01 +0000 UTC,2023-06-02 20:15:00 +0000 UTC,Yuptoo-service,Yuptoo-app-standalone-1,Yuptoo-app,ReplicaSet,<none>,deployment,Yuptoo-prod,quay.io/cloudservices/yuptoo,ip-10-0-176-227.us-east-2.compute.internal,i-0dfbb3fa4d0e8fc94,1,1,1,1,0.047932,0.031571,0.064131,0.047932,0,0,0,1073741824,1073741824,1073741824,1073741824,513587266.064516,510009344,513900544,513587266.064516,493311537.548387,493293568,493371392,493311537.548387
2023-02-01 00:00:00 +0000 UTC,2023-03-01 00:00:00 +0000 UTC,2023-06-02 20:15:01 +0000 UTC,2023-06-02 20:30:00 +0000 UTC,Yuptoo-service,Yuptoo-app-standalone-1,Yuptoo-app,ReplicaSet,<none>,deployment,Yuptoo-prod,quay.io/cloudservices/yuptoo,ip-10-0-176-227.us-east-2.compute.internal,i-0dfbb3fa4d0e8fc94,1,1,1,1,0.047932,0.031571,0.064131,0.047932,0,0,0,1073741824,1073741824,1073741824,1073741824,513587266.064516,510009344,513900544,513587266.064516,493311537.548387,493293568,493371392,493311537.548387
2023-02-01 00:00:00 +0000 UTC,2023-03-01 00:00:00 +0000 UTC,2023-06-02 20:30:01 +0000 UTC,2023-06-02 20:45:00 +0000 UTC,Yuptoo-service,Yuptoo-app-standalone-1,Yuptoo-app,ReplicaSet,<none>,deployment,Yuptoo-prod,quay.io/cloudservices/yuptoo,ip-10-0-176-227.us-east-2.compute.internal,i-0dfbb3fa4d0e8fc94,1,1,1,1,0.047932,0.031571,0.064131,0.047932,0,0,0,1073741824,1073741824,1073741824,1073741824,513587266.064516,510009344,513900544,513587266.064516,493311537.548387,493293568,493371392,493311537.548387
2023-02-01 00:00:00 +0000 UTC,2023-03-01 00:00:00 +0000 UTC,2023-06-02 20:45:01 +0000 UTC,2023-06-02 21:00:00 +0000 UTC,Yuptoo-service,Yuptoo-app-standalone-1,Yuptoo-app,ReplicaSet,<none>,deployment,Yuptoo-prod,quay.io/cloudservices/yuptoo,ip-10-0-176-227.us-east-2.compute.internal,i-0dfbb3fa4d0e8fc94,1,1,1,1,0.047932,0.031571,0.064131,0.047932,0,0,0,1073741824,1073741824,1073741824,1073741824,513587266.064516,510009344,513900544,513587266.064516,493311537.548387,493293568,493371392,493311537.548387
2023-02-01 00:00:00 +0000 UTC,2023-03-01 00:00:00 +0000 UTC,2023-06-02 21:00:01 +0000 UTC,2023-06-02 21:15:00 +0000 UTC,Yuptoo-service,Yuptoo-app-standalone-1,Yuptoo-app,ReplicaSet,<none>,deployment,Yuptoo-prod,quay.io/cloudservices/yuptoo,ip-10-0-176-227.us-east-2.compute.internal,i-0dfbb3fa4d0e8fc94,1,1,1,1,0.047932,0.031571,0.064131,0.047932,0,0,0,1073741824,1073741824,1073741824,1073741824,513587266.064516,510009344,513900544,513587266.064516,493311537.548387,493293568,493371392,493311537.548387
2023-02-01 00:00:00 +0000 UTC,2023-03-01 00:00:00 +0000 UTC,2023-06-02 21:15:01 +0000 UTC,2023-06-02 21:30:00 +0000 UTC,Yuptoo-service,Yuptoo-app-standalone-1,Yuptoo-app,ReplicaSet,<none>,deployment,Yuptoo-prod,quay.io/cloudservices/yuptoo,ip-10-0-176-227.us-east-2.compute.internal,i-0dfbb3fa4d0e8fc94,1,1,1,1,0.047932,0.031571,0.064131,0.047932,0,0,0,1073741824,1073741824,1073741824,1073741824,513587266.064516,510009344,513900544,513587266.064516,493311537.548387,493293568,493371392,493311537.548387
2023-02-01 00:00:00 +0000 UTC,2023-03-01 00:00:00 +0000 UTC,2023-06-02 21:30:01 +0000 UTC,2023-06-02 21:45:00 +0000 UTC,Yuptoo-service,Yuptoo-app-standalone-1,Yuptoo-app,ReplicaSet,<none>,deployment,Yuptoo-prod,quay.io/cloudservices/yuptoo,ip-10-0-176-227.us-east-2.compute.internal,i-0dfbb3fa4d0e8fc94,1,1,1,1,0.047932,0.031571,0.064131,0.047932,0,0,0,1073741824,1073741824,1073741824,1073741824,513587266.064516,510009344,513900544,513587266.064516,493311537.548387,493293568,493371392,493311537.548387
2023-02-01 00:00:00 +0000 UTC,2023-03-01 00:00:00 +0000 UTC,2023-06-02 21:45:01 +0000 UTC,2023-06-02 22:00:00 +0000 UTC,Yuptoo-service,Yuptoo-app-standalone-1,Yuptoo-app,ReplicaSet,<none>,deployment,Yuptoo-prod,quay.io/cloudservices/yuptoo,ip-10-0-176-227.us-east-2.compute.internal,i-0dfbb3fa4d0e8fc94,1,1,1,1,0.047932,0.031571,0.064131,0.047932,0,0,0,1073741824,1073741824,1073741824,1073741824,513587266.064516,510009344,513900544,513587266.064516,493311537.548387,493293568,493371392,493311537.548387
2023-02-01 00:00:00 +0000 UTC,2023-03-01 00:00:00 +0000 UTC,2023-06-02 22:00:01 +0000 UTC,2023-06-02 22:15:00 +0000 UTC,Yuptoo-service,Yuptoo-app-standalone-1,Yuptoo-app,ReplicaSet,<none>,deployment,Yuptoo-prod,quay.io/cloudservices/yuptoo,ip-10-0-176-227.us-east-2.compute.internal,i-0dfbb3fa4d0e8fc94,1,1,1,1,0.047932,0.031571,0.064131,0.047932,0,0,0,1073741824,1073741824,1073741824,1073741824,513587266.064516,510009344,513900544,513587266.064516,493311537.548387,493293568,493371392,493311537.548387
2023-02-01 00:00:00 +0000 UTC,2023-03-01 00:00:00 +0000 UTC,2023-06-02 22:15:01 +0000 UTC,2023-06-02 22:30:00 +0000 UTC,Yuptoo-service,Yuptoo-app-standalone-1,Yuptoo-app,ReplicaSet,<none>,deployment,Yuptoo-prod,quay.io/cloudservices/yuptoo,ip-10-0-176-227.us-east-2.compute.internal,i-0dfbb3fa4d0e8fc94,1,1,1,1,0.047932,0.031571,0.064131,0.047932,0,0,0,1073741824,1073741824,1073741824,1073741824,513587266.064516,510009344,513900544,513587266.064516,493311537.548387,493293568,493371392,493311537.548387
2023-02-01 00:00:00 +0000 UTC,2023-03-01 00:00:00 +0000 UTC,2023-06-02 22:30:01 +0000 UTC,2023-06-02 22:45:00 +0000 UTC,Yuptoo-service,Yuptoo-app-standalone-1,Yuptoo-app,ReplicaSet,<none>,deployment,Yuptoo-prod,quay.io/cloudservices/yuptoo,ip-10-0-176-227.us-east-2.compute.internal,i-0dfbb3fa4d0e8fc94,1,1,1,1,0.047932,0.031571,0.064131,0.047932,0,0,0,1073741824,1073741824,1073741824,1073741824,513587266.064516,510009344,513900544,513587266.064516,493311537.548387,493293568,493371392,493311537.548387
2023-02-01 00:00:00 +0000 UTC,2023-03-01 00:00:00 +0000 UTC,2023-06-02 22:45:01 +0000 UTC,2023-06-02 23:00:00 +0000 UTC,Yuptoo-service,Yuptoo-app-standalone-1,Yuptoo-app,ReplicaSet,<none>,deployment,Yuptoo-prod,quay.io/cloudservices/yuptoo,ip-10-0-176-227.us-east-2.compute.internal,i-0dfbb3fa4d0e8fc94,1,1,1,1,0.047932,0.031571,0.064131,0.047932,0,0,0,1073741824,1073741824,1073741824,1073741824,513587266.064516,510009344,513900544,513587266.064516,493311537.548387,493293568,493371392,493311537.548387
2023-02-01 00:00:00 +0000 UTC,2023-03-01 00:00:00 +0000 UTC,2023-06-02 23:00:01 +0000 UTC,2023-06-02 23:15:00 +0000 UTC,Yuptoo-service,Yuptoo-app-standalone-1,Yuptoo-app,ReplicaSet,<none>,deployment,Yuptoo-prod,quay.io/cloudservices/yuptoo,ip-10-0-176-227.us-east-2.compute.internal,i-0dfbb3fa4d0e8fc94,1,1,1,1,0.047932,0.031571,0.064131,0.047932,0,0,0,1073741824,1073741824,1073741824,1073741824,513587266.064516,510009344,513900544,513587266.064516,493311537.548387,493293568,493371392,493311537.548387
2023-02-01 00:00:00 +0000 UTC,2023-03-01 00:00:00 +0000 UTC,2023-06-02 23:15:01 +0000 UTC,2023-06-02 23:30:00 +0000 UTC,Yuptoo-service,Yuptoo-app-standalone-1,Yuptoo-app,ReplicaSet,<none>,deployment,Yuptoo-prod,quay.io/cloudservices/yuptoo,ip-10-0-176-227.us-east-2.compute.internal,i-0dfbb3fa4d0e8fc94,1,1,1,1,0.047932,0.031571,0.064131,0.047932,0,0,0,1073741824,1073741824,1073741824,1073741824,513587266.064516,510009344,513900544,513587266.064516,493311537.548387,493293568,493371392,493311537.548387
2023-02-01 00:00:00 +0000 UTC,2023-03-01 00:00:00 +0000 UTC,2023-06-02 23:30:01 +0000 UTC,2023-06-02 23:45:00 +0000 UTC,Yuptoo-service,Yuptoo-app-standalone-1,Yuptoo-app,ReplicaSet,<none>,deployment,Yuptoo-prod,quay.io/cloudservices/yuptoo,ip-10-0-176-227.us-east-2.compute.internal,i-0dfbb3fa4d0e8fc94,1,1,1,1,0.047932,0.031571,0.064131,0.047932,0,0,0,1073741824,1073741824,1073741824,1073741824,513587266.064516,510009344,513900544,513587266.064516,493311537.548387,493293568,493371392,493311537.548387
2023-02-01 00:00:00 +0000 UTC,2023-03-01 00:00:00 +0000 UTC,2023-06-02 23:45:01 +0000 UTC,2023-06-03 00:00:00 +0000 UTC,Yuptoo-service,Yuptoo-app-standalone-1,Yuptoo-app,ReplicaSet,<none>,deployment,Yuptoo-prod,quay.io/cloudservices/yuptoo,ip-10-0-176-227.us-east-2.compute.internal,i-0dfbb3fa4d0e8fc94,1,1,1,1,0.047932,0.031571,0.064131,0.047932,0,0,0,1073741824,1073741824,1073741824,1073741824,513587266.064516,510009344,513900544,513587266.064516,493311537.548387,493293568,493371392,493311537.548387
2023-02-01 00:00:00 +0000 UTC,2023-03-01 00:00:00 +0000 UTC,2023-06-03 00:00:01 +0000 UTC,2023-06-03 00:15:00 +0000 UTC,Yuptoo-service,Yuptoo-app-standalone-1,Yuptoo-app,ReplicaSet,<none>,deployment,Yuptoo-prod,quay.io/cloudservices/yuptoo,ip-10-0-176-227.us-east-2.compute.internal,i-0dfbb3fa4d0e8fc94,1,1,1,1,0.047932,0.031571,0.064131,0.047932,0,0,0,1073741824,1073741824,1073741824,1073741824,513587266.064516,510009344,513900544,513587266.064516,493311537.548387,493293568,493371392,493311537.548387
2023-02-01 00:00:00 +0000 UTC,2023-03-01 00:00:00 +0000 UTC,2023-06-03 00:15:01 +0000 UTC,2023-06-03 00:30:00 +0000 UTC,Yuptoo-service,Yuptoo-app-standalone-1,Yuptoo-app,ReplicaSet,<none>,deployment,Yuptoo-prod,quay.io/cloudservices/yuptoo,ip-10-0-176-227.us-east-2.compute.internal,i-0dfbb3fa4d0e8fc94,1,1,1,1,0.047932,0.031571,0.064131,0.047932,0,0,0,1073741824,1073741824,1073741824,1073741824,513587266.064516,510009344,513900544,513587266.064516,493311537.548387,493293568,493371392,493311537.548387
2023-02-01 00:00:00 +0000 UTC,2023-03-01 00:00:00 +0000 UTC,2023-06-03 00:30:01 +0000 UTC,2023-06-03 00:45:00 +0000 UTC,Yuptoo-service,Yuptoo-app-standalone-1,Yuptoo-app,ReplicaSet,<none>,deployment,Yuptoo-prod,quay.io/cloudservices/yuptoo,ip-10-0-176-227.us-east-2.compute.internal,i-0dfbb3fa4d0e8fc94,1,1,1,1,0.047932,0.031571,0.064131,0.047932,0,0,0,1073741824,1073741824,1073741824,1073741824,513587266.064516,510009344,513900544,513587266.064516,493311537.548387,493293568,493371392,493311537.548387
2023-02-01 00:00:00 +0000 UTC,2023-03-01 00:00:00 +0000 UTC,2023-06-02 00:00:01 +0000 UTC,2023-06-02 00:15:00 +0000 UTC,server-one,Servers-999-1,servers-999,ReplicaSet,servers,deployment,Yuptoo-prod,quay.io/cloudservices/yuptoo,ip-10-0-176-227.us-east-2.compute.internal,i-0dfbb3fa4d0e8fc94,1,1,1,1,0.047932,0.031571,0.064131,0.047932,0,0,0,1073741824,1073741824,1073741824,1073741824,513587266.064516,510009344,513900544,513587266.064516,493311537.548387,493293568,493371392,493311537.548387
2023-02-01 00:00:00 +0000 UTC,2023-03-01 00:00:00 +0000 UTC,2023-06-02 00:00:01 +0000 UTC,2023-06-02 00:15:00 +0000 UTC,Server-two,Servers-999-1,servers-999,ReplicaSet,servers,deployment,Yuptoo-prod,quay.io/cloudservices/yuptoo,ip-10-0-176-227.us-east-2.compute.internal,i-0dfbb3fa4d0e8fc94,1,1,1,1,0.047932,0.031571,0.064131,0.047932,0,0,0,1073741824,1073741824,1073741824,1073741824,513587266.064516,510009344,513900544,513587266.064516,493311537.548387,493293568,493371392,493311537.548387
2023-02-01 00:00:00 +0000 UTC,2023-03-01 00:00:00 +0000 UTC,2023-06-02 00:00:01 +0000 UTC,2023-06-02 00:15:00 +0000 UTC,Server-three,Servers-999-1,servers-999,ReplicaSet,servers,deployment,Yuptoo-prod,quay.io/cloudservices/yuptoo,ip-10-0-176-227.us-east-2.compute.internal,i-0dfbb3fa4d0e8fc94,1,1,1,1,0.047932,0.031571,0.064131,0.047932,0,0,0,1073741824,1073741824,1073741824,1073741824,513587266.064516,510009344,513900544,513587266.064516,493311537.548387,493293568,493371392,493311537.548387
2023-02-01 00:00:00 +0000 UTC,2023-03-01 00:00:00 +0000 UTC,2023-06-02 00:00:01 +0000 UTC,2023-06-02 00:15:00 +0000 UTC,volume-shell,volume-shell,<none>,<none>,,,koku-metrics-operator-2,docker.io/library/busybox:latest,ip-10-0-147-202.us-east-2.compute.internal,i-080d71220c1e835ec,,,,,0.000018,0,0.000554,0.000018,,,,,,,,1835140.129032,1323008,2256896,1835140.129032,106496,106496,106496,106496
2023-02-01 00:00:00 +0000 UTC,2023-03-01 00:00:00 +0000 UTC,2023-06-02 00:00:01 +0000 UTC,2023-06-02 00:15:00 +0000 UTC,Yuptoo-service,Yuptoo-service-999-1,Yuptoo-service-999,ReplicaSet,Yuptoo-service,deployment,Yuptoo-prod,quay.io/cloudservices/yuptoo,ip-10-0-176-227.us-east-2.compute.internal,i-0dfbb3fa4d0e8fc94,1,1,1,1,3,1,6,2,0,0,0,1073741824,1073741824,1073741824,1073741824,513587266.064516,510009344,513900544,513587266.064516,493311537.548387,493293568,493371392,493311537.548387
2023-02-01 00:00:00 +0000 UTC,2023-03-01 00:00:00 +0000 UTC,2023-06-02 00:00:01 +0000 UTC,2023-06-02 00:15:00 +0000 UTC,Yuptoo-service,Yuptoo-service-999-2,Yuptoo-service-999,ReplicaSet,Yuptoo-service,deployment,Yuptoo-prod,quay.io/cloudservices/yuptoo,ip-10-0-176-227.us-east-2.compute.internal,i-0dfbb3fa4d0e8fc94,1,1,1,1,5,2,7,2,0,0,0,1073741824,1073741824,1073741824,1073741824,513587266.064516,510009344,513900544,513587266.064516,493311537.548387,493293568,493371392,493311537.548387
